{
  "mb": [
    -6.240723226162096,
    106.8365991740012
  ],
  "kanpus": [
    -6.216556144511367,
    106.81407082204778
  ],
  "hotel_manhatan": [
    -6.225336271972221,
    106.83129136781952
  ]
}
